model,data_branch,tuning_branch,tuning_method,validation_type,augmentation_strategy,branch_id,MAE,RMSE,R2,MAPE_%,n_train,n_train_original,n_train_augmented,n_test,n_folds,notes
DummyRegressor,A,CT,none,loeo,feature_scaling,A_CT_random_feature_scaling,56.35555555555557,66.6823129787617,-0.23456790123456805,38.43096405818544,36,9,27,10,10,
Ridge,A,CT,random,loeo,feature_scaling,A_CT_random_feature_scaling,43.120823626013006,68.93643390002389,-0.3194450157710307,25.79234720762974,36,9,27,10,10,
Lasso,A,CT,random,loeo,feature_scaling,A_CT_random_feature_scaling,35.14329796436037,41.32056963284511,0.5259476871183246,22.013045688510086,36,9,27,10,10,
ElasticNet,A,CT,random,loeo,feature_scaling,A_CT_random_feature_scaling,27.33827019113839,34.325109221720645,0.6728721452753981,17.959630966016153,36,9,27,10,10,
SVR,A,CT,random,loeo,feature_scaling,A_CT_random_feature_scaling,53.72882655728129,65.37414522994081,-0.1866037511683103,34.94860487631025,36,9,27,10,10,
RandomForest,A,CT,random,loeo,feature_scaling,A_CT_random_feature_scaling,56.57054877344876,67.9553400149958,-0.28215594250301623,37.4494611880735,36,9,27,10,10,
XGBoost,A,CT,random,loeo,feature_scaling,A_CT_random_feature_scaling,46.61649627685547,56.52819622887115,0.11279511315805568,28.604263164883985,36,9,27,10,10,
MLP,A,CT,none,loeo,feature_scaling,A_CT_random_feature_scaling,181.91200927884802,413.70092144666427,-46.51892928203679,84.43604686048722,36,9,27,10,10,
