mean_fit_time,std_fit_time,mean_score_time,std_score_time,param_model__alpha,params,split0_test_score,split1_test_score,split2_test_score,split3_test_score,split4_test_score,mean_test_score,std_test_score,rank_test_score
0.0037316799163818358,0.0012693797917956546,0.0006785392761230469,0.0013570785522460938,0.001,{'model__alpha': 0.001},-63.70879395812393,-67.19437328960251,-70.99947563310445,-32.92990724300586,-30.90840576557528,-53.1481911778824,17.49786832820306,2
0.03845305442810058,0.011409719365898047,0.0,0.0,0.01,{'model__alpha': 0.01},-86.31259575641376,-34.84523269010319,-15.370396049319282,-10.589392127795207,-15.707316768536174,-32.56498667843353,28.13100332736479,1
0.019324541091918945,0.009498277615993868,0.0,0.0,0.1,{'model__alpha': 0.1},-83.72540829357352,-209.6157645339456,-47.664876372487,-8.980202486335287,-18.70164647754484,-73.73757963277725,72.75286323141708,4
0.01700253486633301,0.010898540016744592,0.0,0.0,1.0,{'model__alpha': 1},-88.29178279961188,-209.7925893508925,-47.611703271765464,-5.871259144309079,-24.97072924500162,-75.30761276231611,72.6320453355084,5
0.00020194053649902344,0.0004038810729980469,0.003404521942138672,0.004181780432644201,10.0,{'model__alpha': 10},-82.17550810442084,-130.84551837764712,-47.76222851363295,-3.0574432047090454,-17.502700914241387,-56.26867982293027,46.12909090257389,3
