model,data_branch,tuning_branch,tuning_method,validation_type,augmentation_strategy,branch_id,MAE,RMSE,R2,MAPE_%,n_train,n_train_original,n_train_augmented,n_test,n_folds,notes
DummyRegressor,A,CT,none,loeo,feature_scaling,A_CT_grid_feature_scaling,56.35555555555557,66.6823129787617,-0.23456790123456805,38.43096405818544,36,9,27,10,10,
Ridge,A,CT,grid,loeo,feature_scaling,A_CT_grid_feature_scaling,43.120823626013006,68.93643390002389,-0.3194450157710307,25.79234720762974,36,9,27,10,10,
Lasso,A,CT,grid,loeo,feature_scaling,A_CT_grid_feature_scaling,35.14329796436037,41.32056963284511,0.5259476871183246,22.013045688510086,36,9,27,10,10,
ElasticNet,A,CT,grid,loeo,feature_scaling,A_CT_grid_feature_scaling,27.33827019113839,34.325109221720645,0.6728721452753981,17.959630966016153,36,9,27,10,10,
SVR,A,CT,grid,loeo,feature_scaling,A_CT_grid_feature_scaling,53.88025844387572,65.48391396533992,-0.19059191330182257,35.06314783415158,36,9,27,10,10,
RandomForest,A,CT,grid,loeo,feature_scaling,A_CT_grid_feature_scaling,56.57054877344876,67.9553400149958,-0.28215594250301623,37.4494611880735,36,9,27,10,10,
XGBoost,A,CT,grid,loeo,feature_scaling,A_CT_grid_feature_scaling,45.762108612060544,54.28856783257799,0.1817039786010396,28.171176003283033,36,9,27,10,10,
MLP,A,CT,none,loeo,feature_scaling,A_CT_grid_feature_scaling,181.91200927884802,413.70092144666427,-46.51892928203679,84.43604686048722,36,9,27,10,10,
