model,data_branch,tuning_branch,tuning_method,validation_type,augmentation_strategy,branch_id,MAE,RMSE,R2,MAPE_%,n_train,n_train_original,n_train_augmented,n_test,n_folds,notes
DummyRegressor,A,CT,none,loeo,feature_noise,A_CT_grid_feature_noise,56.35555555555557,66.6823129787617,-0.23456790123456805,38.43096405818544,36,9,27,10,10,
Ridge,A,CT,grid,loeo,feature_noise,A_CT_grid_feature_noise,41.51559510077402,64.01920604083557,-0.13792656838843897,25.419786505838417,36,9,27,10,10,
Lasso,A,CT,grid,loeo,feature_noise,A_CT_grid_feature_noise,35.98316857921169,48.208122937141184,0.35474093630420234,22.197747111766837,36,9,27,10,10,
ElasticNet,A,CT,grid,loeo,feature_noise,A_CT_grid_feature_noise,36.62542542163622,55.8801552157735,0.13302040238362056,22.002929265498,36,9,27,10,10,
SVR,A,CT,grid,loeo,feature_noise,A_CT_grid_feature_noise,53.744260977424496,65.40412065353831,-0.18769216630598362,34.946902750369084,36,9,27,10,10,
RandomForest,A,CT,grid,loeo,feature_noise,A_CT_grid_feature_noise,52.61800000000001,65.76049045589609,-0.2006702700676628,34.18889067753754,36,9,27,10,10,
XGBoost,A,CT,grid,loeo,feature_noise,A_CT_grid_feature_noise,51.489996337890624,62.83440995587233,-0.09619736137830515,32.41715345139697,36,9,27,10,10,
MLP,A,CT,none,loeo,feature_noise,A_CT_grid_feature_noise,162.26953921491787,347.87750455825153,-32.60054812537346,79.38842953058452,36,9,27,10,10,
