model,feature_subset,data_branch,tuning_branch,tuning_method,validation_type,augmentation_strategy,branch_id,n_features,MAE,RMSE,R2,MAPE_%,n_train,n_train_original,n_train_augmented,n_test,n_folds,notes
DummyRegressor,SOLO_A,N,CT,none,loeo,none,SOLO_A_N_CT_grid,101,56.35555555555557,66.6823129787617,-0.23456790123456805,38.43096405818544,9,9,0,10,10,
Ridge,SOLO_A,N,CT,grid,loeo,none,SOLO_A_N_CT_grid,101,26.12881150058157,32.014206578279534,0.715436524843405,18.660413903313625,9,9,0,10,10,
Lasso,SOLO_A,N,CT,grid,loeo,none,SOLO_A_N_CT_grid,101,31.320645966276647,42.81605893859272,0.49101257936328624,19.733605229865358,9,9,0,10,10,
ElasticNet,SOLO_A,N,CT,grid,loeo,none,SOLO_A_N_CT_grid,101,18.78953938123773,25.649826156232233,0.8173319797525787,14.0523711629216,9,9,0,10,10,
SVR,SOLO_A,N,CT,grid,loeo,none,SOLO_A_N_CT_grid,101,53.38512031010574,65.04224817773778,-0.17458583276584938,36.262648966515876,9,9,0,10,10,
RandomForest,SOLO_A,N,CT,grid,loeo,none,SOLO_A_N_CT_grid,101,53.874211111111094,63.096259277441874,-0.10535274685110885,37.93677265622604,9,9,0,10,10,
XGBoost,SOLO_A,N,CT,grid,loeo,none,SOLO_A_N_CT_grid,101,48.35119476318359,60.78597171540688,-0.025889056911129193,30.918736666932467,9,9,0,10,10,
MLP,SOLO_A,N,CT,none,loeo,none,SOLO_A_N_CT_grid,101,185.56489114068694,292.9567716573119,-22.828722088762323,119.27951530722432,9,9,0,10,10,
