model,feature_subset,data_branch,tuning_branch,tuning_method,validation_type,augmentation_strategy,branch_id,n_features,MAE,RMSE,R2,MAPE_%,n_train,n_train_original,n_train_augmented,n_test,n_folds,notes
DummyRegressor,SOLO_A,A,ST,none,loeo,feature_noise,SOLO_A_A_ST_feature_noise,101,56.35555555555557,66.6823129787617,-0.23456790123456805,38.43096405818544,36,9,27,10,10,
Ridge,SOLO_A,A,ST,none,loeo,feature_noise,SOLO_A_A_ST_feature_noise,101,28.603224214663634,36.22207235385652,0.6357158651610726,19.513709228641567,36,9,27,10,10,
Lasso,SOLO_A,A,ST,none,loeo,feature_noise,SOLO_A_A_ST_feature_noise,101,31.68027888669487,43.190913460932805,0.48206119749623466,19.978557275274174,36,9,27,10,10,
ElasticNet,SOLO_A,A,ST,none,loeo,feature_noise,SOLO_A_A_ST_feature_noise,101,21.238655974199933,28.6304972868795,0.7724109029666589,14.683730807362139,36,9,27,10,10,
SVR,SOLO_A,A,ST,none,loeo,feature_noise,SOLO_A_A_ST_feature_noise,101,57.297797631800584,67.99391710376507,-0.283612071864507,37.17701425589714,36,9,27,10,10,
RandomForest,SOLO_A,A,ST,none,loeo,feature_noise,SOLO_A_A_ST_feature_noise,101,52.26821091269843,65.41757366860706,-0.1881808108659082,33.511224317157385,36,9,27,10,10,
XGBoost,SOLO_A,A,ST,none,loeo,feature_noise,SOLO_A_A_ST_feature_noise,101,59.916256713867185,69.70491841084231,-0.3490266099142856,38.83725036534508,36,9,27,10,10,
MLP,SOLO_A,A,ST,none,loeo,feature_noise,SOLO_A_A_ST_feature_noise,101,193.2898681024539,305.4925601743671,-24.911642679378097,120.44114074503133,36,9,27,10,10,
