model,feature_subset,data_branch,tuning_branch,tuning_method,validation_type,augmentation_strategy,branch_id,n_features,MAE,RMSE,R2,MAPE_%,n_train,n_train_original,n_train_augmented,n_test,n_folds,notes
DummyRegressor,SOLO_R,A,ST,none,loeo,feature_scaling,SOLO_R_A_ST_feature_scaling,99,56.35555555555557,66.6823129787617,-0.23456790123456805,38.43096405818544,36,9,27,10,10,
Ridge,SOLO_R,A,ST,none,loeo,feature_scaling,SOLO_R_A_ST_feature_scaling,99,62.23616444673572,120.51205310416967,-3.032316757794871,33.97205284765703,36,9,27,10,10,
Lasso,SOLO_R,A,ST,none,loeo,feature_scaling,SOLO_R_A_ST_feature_scaling,99,37.53363704250818,43.827759986488694,0.46667465955335996,23.573809379989225,36,9,27,10,10,
ElasticNet,SOLO_R,A,ST,none,loeo,feature_scaling,SOLO_R_A_ST_feature_scaling,99,30.17538373254596,39.109063902826456,0.5753330021863727,20.05715580163005,36,9,27,10,10,
SVR,SOLO_R,A,ST,none,loeo,feature_scaling,SOLO_R_A_ST_feature_scaling,99,53.249135794824745,64.17823732321988,-0.1435870788200908,35.51518392051026,36,9,27,10,10,
RandomForest,SOLO_R,A,ST,none,loeo,feature_scaling,SOLO_R_A_ST_feature_scaling,99,53.49806388888889,65.32378169850439,-0.18477616213329195,35.25670075998107,36,9,27,10,10,
XGBoost,SOLO_R,A,ST,none,loeo,feature_scaling,SOLO_R_A_ST_feature_scaling,99,53.84126586914063,64.0798718137046,-0.14008423036430484,35.89406672331709,36,9,27,10,10,
MLP,SOLO_R,A,ST,none,loeo,feature_scaling,SOLO_R_A_ST_feature_scaling,99,263.5987937082518,645.4563320590024,-114.67177535963982,116.03320992963222,36,9,27,10,10,
