model,feature_subset,data_branch,tuning_branch,tuning_method,validation_type,augmentation_strategy,branch_id,n_features,MAE,RMSE,R2,MAPE_%,n_train,n_train_original,n_train_augmented,n_test,n_folds,notes
DummyRegressor,SOLO_A,A,CT,none,loeo,feature_noise,SOLO_A_A_CT_grid_feature_noise,101,56.35555555555557,66.6823129787617,-0.23456790123456805,38.43096405818544,36,9,27,10,10,
Ridge,SOLO_A,A,CT,grid,loeo,feature_noise,SOLO_A_A_CT_grid_feature_noise,101,28.68194236240971,36.51560067121082,0.6297879350029203,19.60260640058056,36,9,27,10,10,
Lasso,SOLO_A,A,CT,grid,loeo,feature_noise,SOLO_A_A_CT_grid_feature_noise,101,31.680278886695056,43.190913460932975,0.48206119749623055,19.978557275274305,36,9,27,10,10,
ElasticNet,SOLO_A,A,CT,grid,loeo,feature_noise,SOLO_A_A_CT_grid_feature_noise,101,26.864211235969332,34.46415651711433,0.6702164582637167,18.400429010059323,36,9,27,10,10,
SVR,SOLO_A,A,CT,grid,loeo,feature_noise,SOLO_A_A_CT_grid_feature_noise,101,53.04782384240234,64.72630717631542,-0.1632025079012187,36.11902342781449,36,9,27,10,10,
RandomForest,SOLO_A,A,CT,grid,loeo,feature_noise,SOLO_A_A_CT_grid_feature_noise,101,52.94,64.29669789343772,-0.14781265461491677,34.310597483075895,36,9,27,10,10,
XGBoost,SOLO_A,A,CT,grid,loeo,feature_noise,SOLO_A_A_CT_grid_feature_noise,101,49.69487609863281,60.84667853015873,-0.027939186368754143,30.961003165346533,36,9,27,10,10,
MLP,SOLO_A,A,CT,none,loeo,feature_noise,SOLO_A_A_CT_grid_feature_noise,101,193.2898681024539,305.4925601743671,-24.911642679378097,120.44114074503133,36,9,27,10,10,
