model,MAE,RMSE,R2,MAPE_%,n_samples,n_train,n_test,validation_type
Lasso,8.940861607814277,9.57362725227013,0.9818182228197958,5.201876274667855,2,8,2,holdout
Ridge,18.986212842003788,23.74440776011287,0.8881577266656401,9.079485628939409,2,8,2,holdout
ElasticNet,30.999038081334092,31.241143790832528,0.8063858231780452,20.282234153213025,2,8,2,holdout
RandomForest,56.09108333333337,56.09450335383934,0.3757997804971447,38.50156495607955,2,8,2,holdout
XGBoost,67.48419952392578,67.49435367226975,0.09631268049247488,46.86099483821802,2,8,2,holdout
SVR,70.88961949705957,72.36054453730308,-0.03869240343880653,44.7955917632419,2,8,2,holdout
DummyRegressor,71.0,71.26370482230067,-0.007442099781789224,47.23251436496929,2,8,2,holdout
MLP,74.98170765291573,99.92505590841282,-0.9807611184882814,70.28512760977611,2,8,2,holdout
