model,feature_subset,data_branch,tuning_branch,tuning_method,validation_type,augmentation_strategy,branch_id,n_features,MAE,RMSE,R2,MAPE_%,n_train,n_train_original,n_train_augmented,n_test,n_folds,notes
DummyRegressor,FUSION,A,ST,none,loeo,feature_noise,FUSION_A_ST_feature_noise,203,56.35555555555557,66.6823129787617,-0.23456790123456805,38.43096405818544,36,9,27,10,10,
Ridge,FUSION,A,ST,none,loeo,feature_noise,FUSION_A_ST_feature_noise,203,43.24379058988059,65.25279451387938,-0.18220257486640068,27.14617301002954,36,9,27,10,10,
Lasso,FUSION,A,ST,none,loeo,feature_noise,FUSION_A_ST_feature_noise,203,33.76470611813842,40.043827934874066,0.554790069195905,21.666762231663945,36,9,27,10,10,
ElasticNet,FUSION,A,ST,none,loeo,feature_noise,FUSION_A_ST_feature_noise,203,26.923591628458468,37.89671760708791,0.6012535211549672,16.99298465716858,36,9,27,10,10,
SVR,FUSION,A,ST,none,loeo,feature_noise,FUSION_A_ST_feature_noise,203,53.67230013883481,65.34624766697445,-0.18559123193655291,34.88253605186713,36,9,27,10,10,
RandomForest,FUSION,A,ST,none,loeo,feature_noise,FUSION_A_ST_feature_noise,203,52.8051107142857,65.79318209407236,-0.20186434980905155,34.24667247122933,36,9,27,10,10,
XGBoost,FUSION,A,ST,none,loeo,feature_noise,FUSION_A_ST_feature_noise,203,54.03581848144531,70.33116761697212,-0.3733755926708373,34.82644854303633,36,9,27,10,10,
MLP,FUSION,A,ST,none,loeo,feature_noise,FUSION_A_ST_feature_noise,203,162.26953921491787,347.87750455825153,-32.60054812537346,79.38842953058452,36,9,27,10,10,
