mean_fit_time,std_fit_time,mean_score_time,std_score_time,param_model__alpha,params,split0_test_score,split1_test_score,split2_test_score,split3_test_score,split4_test_score,mean_test_score,std_test_score,rank_test_score
0.0066184520721435545,0.001195982513560178,0.0017274856567382813,0.002398236446078572,0.01,{'model__alpha': 0.01},-126.85175174817768,-39.40779555107226,-65.40501600214013,-7.16014611130845,-17.60078021385243,-51.28509792531018,42.73735181417997,5
0.0060176849365234375,0.003517029977016509,0.0022051334381103516,0.00330125179551676,0.1,{'model__alpha': 0.1},-126.84890258562355,-39.38675329217093,-65.40847248859542,-7.166342115538271,-17.590210133510766,-51.280136123087786,42.738130149113054,4
0.005273628234863281,0.0035100130081646844,0.0018200874328613281,0.002318518969798188,1.0,{'model__alpha': 1},-126.8194334396838,-39.177552663818346,-65.44240863401662,-7.227565254523881,-17.48494256493109,-51.23038051139474,42.745665646486614,3
0.0036734580993652345,0.00242096166404448,0.0027186393737792967,0.0022890610834404436,10.0,{'model__alpha': 10},-126.43556610559375,-37.20049269020648,-65.72455826492556,-7.772648699216745,-16.472868384846976,-50.72122682895791,42.79743402917656,2
0.0030297279357910157,0.0024738708895846433,0.0020155906677246094,0.0024686657957330507,100.0,{'model__alpha': 100},-118.8911819339563,-24.585350087842123,-65.79702695603345,-9.80064409467198,-8.975979120450688,-45.61003643859091,42.057211136833814,1
