model,data_branch,tuning_branch,tuning_method,validation_type,augmentation_strategy,branch_id,MAE,RMSE,R2,MAPE_%,n_train,n_train_original,n_train_augmented,n_test,n_folds,notes
DummyRegressor,N,CT,none,loeo,none,N_CT_grid,56.35555555555557,66.6823129787617,-0.23456790123456805,38.43096405818544,9,9,0,10,10,
Ridge,N,CT,grid,loeo,none,N_CT_grid,40.2674121654201,63.250227271199115,-0.11075390993071044,23.88981752352984,9,9,0,10,10,
Lasso,N,CT,grid,loeo,none,N_CT_grid,27.86047674087834,42.52008452171832,0.4980252082400013,16.06034820890115,9,9,0,10,10,
ElasticNet,N,CT,grid,loeo,none,N_CT_grid,27.663196671987105,37.43323032800208,0.6109474350126594,17.164442088324154,9,9,0,10,10,
SVR,N,CT,grid,loeo,none,N_CT_grid,51.17302999799375,64.42143668337691,-0.15227060195362174,34.98716081722705,9,9,0,10,10,
RandomForest,N,CT,grid,loeo,none,N_CT_grid,51.52915714285714,62.45407305973925,-0.08296695211171645,35.54927443784685,9,9,0,10,10,
XGBoost,N,CT,grid,loeo,none,N_CT_grid,46.53413848876953,59.61825509581138,0.013147622180354257,29.625563979782427,9,9,0,10,10,
MLP,N,CT,none,loeo,none,N_CT_grid,167.32543296709997,360.68484654577077,-35.120143190487305,80.90940347924183,9,9,0,10,10,
