model,data_branch,tuning_branch,tuning_method,validation_type,augmentation_strategy,branch_id,MAE,RMSE,R2,MAPE_%,n_train,n_train_original,n_train_augmented,n_test,n_folds,notes
DummyRegressor,A,ST,none,loeo,feature_noise,A_ST_feature_noise,56.35555555555557,66.6823129787617,-0.23456790123456805,38.43096405818544,36,9,27,10,10,
Ridge,A,ST,none,loeo,feature_noise,A_ST_feature_noise,43.24379058988059,65.25279451387938,-0.18220257486640068,27.14617301002954,36,9,27,10,10,
Lasso,A,ST,none,loeo,feature_noise,A_ST_feature_noise,33.76470611813847,40.043827934874095,0.5547900691959045,21.666762231664016,36,9,27,10,10,
ElasticNet,A,ST,none,loeo,feature_noise,A_ST_feature_noise,26.92359162845846,37.89671760708791,0.6012535211549672,16.992984657168577,36,9,27,10,10,
SVR,A,ST,none,loeo,feature_noise,A_ST_feature_noise,53.67230013883481,65.34624766697445,-0.18559123193655291,34.88253605186713,36,9,27,10,10,
RandomForest,A,ST,none,loeo,feature_noise,A_ST_feature_noise,52.8051107142857,65.79318209407236,-0.20186434980905155,34.24667247122933,36,9,27,10,10,
XGBoost,A,ST,none,loeo,feature_noise,A_ST_feature_noise,54.03581848144531,70.33116761697212,-0.3733755926708373,34.82644854303633,36,9,27,10,10,
MLP,A,ST,none,loeo,feature_noise,A_ST_feature_noise,162.26953921491787,347.87750455825153,-32.60054812537346,79.38842953058452,36,9,27,10,10,
