model,data_branch,tuning_branch,tuning_method,validation_type,augmentation_strategy,branch_id,MAE,RMSE,R2,MAPE_%,n_train,n_train_original,n_train_augmented,n_test,n_folds,notes
DummyRegressor,A,CT,none,loeo,grouped_scaling,A_CT_random_grouped_scaling,56.35555555555557,66.6823129787617,-0.23456790123456805,38.43096405818544,36,9,27,10,10,
Ridge,A,CT,random,loeo,grouped_scaling,A_CT_random_grouped_scaling,59.68787931495672,127.9657371158279,-3.5465406172094696,28.133336835702373,36,9,27,10,10,
Lasso,A,CT,random,loeo,grouped_scaling,A_CT_random_grouped_scaling,34.23988897418219,44.31060899835254,0.4548586719554206,19.78211165301344,36,9,27,10,10,
ElasticNet,A,CT,random,loeo,grouped_scaling,A_CT_random_grouped_scaling,28.63168660524925,38.036378719128194,0.5983090976555594,18.106731613098784,36,9,27,10,10,
SVR,A,CT,random,loeo,grouped_scaling,A_CT_random_grouped_scaling,53.631246931476674,65.24517050710853,-0.18192633860817087,34.87739859627544,36,9,27,10,10,
RandomForest,A,CT,random,loeo,grouped_scaling,A_CT_random_grouped_scaling,56.291590043290036,68.0155095317642,-0.2844274595718972,37.35250951521192,36,9,27,10,10,
XGBoost,A,CT,random,loeo,grouped_scaling,A_CT_random_grouped_scaling,47.102447509765625,61.26408132272717,-0.042090701953174214,28.54700715769048,36,9,27,10,10,
MLP,A,CT,none,loeo,grouped_scaling,A_CT_random_grouped_scaling,173.353264724505,400.8193463984215,-43.605767972051396,79.33857555106289,36,9,27,10,10,
