mean_fit_time,std_fit_time,mean_score_time,std_score_time,param_model__alpha,params,split0_test_score,split1_test_score,split2_test_score,split3_test_score,split4_test_score,mean_test_score,std_test_score,rank_test_score
0.005595970153808594,0.0013218607840216983,0.0017237663269042969,0.00039220521509621646,0.01,{'model__alpha': 0.01},-126.85175174817768,-39.40779555107226,-65.40501600214013,-7.16014611130845,-17.60078021385243,-51.28509792531018,42.73735181417997,5
0.004920339584350586,0.0010792599197980732,0.0011325359344482421,0.000856861664715317,0.1,{'model__alpha': 0.1},-126.84890258562355,-39.38675329217093,-65.40847248859542,-7.166342115538271,-17.590210133510766,-51.280136123087786,42.738130149113054,4
0.0045931339263916016,0.0011456350178665723,0.001001453399658203,3.062913294363351e-06,1.0,{'model__alpha': 1},-126.8194334396838,-39.177552663818346,-65.44240863401662,-7.227565254523881,-17.48494256493109,-51.23038051139474,42.745665646486614,3
0.0035074710845947265,0.00044559861195323067,0.0007996082305908204,0.00039980827753977266,10.0,{'model__alpha': 10},-126.43556610559375,-37.20049269020648,-65.72455826492556,-7.772648699216745,-16.472868384846976,-50.72122682895791,42.79743402917656,2
0.003503227233886719,0.0007745871516982643,0.001201772689819336,0.00024789257355980294,100.0,{'model__alpha': 100},-118.8911819339563,-24.585350087842123,-65.79702695603345,-9.80064409467198,-8.975979120450688,-45.61003643859091,42.057211136833814,1
