model,MAE,RMSE,R2,MAPE_%,n_folds
Lasso (tuned),27.86047674087834,42.52008452171832,0.4980252082400013,16.06034820890115,10
ElasticNet (tuned),30.555268104448782,39.73163756336236,0.5617049153407465,20.974120585776273,10
Ridge (tuned),40.2674121654201,63.250227271199115,-0.11075390993071044,23.88981752352984,10
XGBoost_random (tuned),48.354556274414065,62.73485137458298,-0.09272635262641038,31.06654092881253,10
XGBoost_grid (tuned),48.354556274414065,62.73485137458298,-0.09272635262641038,31.06654092881253,10
RandomForest (tuned),48.373000000000005,60.99760946135512,-0.03304514269690051,32.345613572671766,10
SVR (tuned),52.423405492922015,65.58443192477306,-0.19424984129538903,36.23388698100357,10
