mean_fit_time,std_fit_time,mean_score_time,std_score_time,param_model__alpha,params,split0_test_score,split1_test_score,split2_test_score,split3_test_score,split4_test_score,mean_test_score,std_test_score,rank_test_score
0.004600238800048828,0.0004902332977591439,0.0014000892639160155,0.0004901010763576313,0.001,{'model__alpha': 0.001},-63.70879395812393,-67.19437328960251,-70.99947563310445,-32.92990724300586,-30.90840576557528,-53.1481911778824,17.49786832820306,2
0.0412541389465332,0.011711543738963989,0.0013264179229736327,0.00041287750412630605,0.01,{'model__alpha': 0.01},-86.31259575641376,-34.84523269010319,-15.370396049319282,-10.589392127795207,-15.707316768536174,-32.56498667843353,28.13100332736479,1
0.02404193878173828,0.010763769877632428,0.0010002613067626952,6.503191803448608e-07,0.1,{'model__alpha': 0.1},-83.72540829357352,-209.6157645339456,-47.664876372487,-8.980202486335287,-18.70164647754484,-73.73757963277725,72.75286323141708,4
0.015616130828857423,0.011739078069352787,0.0010004043579101562,1.3571023436315258e-06,1.0,{'model__alpha': 1},-88.29178279961188,-209.7925893508925,-47.611703271765464,-5.871259144309079,-24.97072924500162,-75.30761276231611,72.6320453355084,5
0.00399928092956543,0.0005635243984071774,0.0010003089904785157,0.00018524485961269991,10.0,{'model__alpha': 10},-82.17550810442084,-130.84551837764712,-47.76222851363295,-3.0574432047090454,-17.502700914241387,-56.26867982293027,46.12909090257389,3
